crim,medv
0.00632,24.0
0.02731,21.6
0.02729,34.7
0.03237,33.4
0.06905,36.2
0.02985,28.7
0.08829,22.9
0.14455,27.1
0.21124,16.5
