medv,crim,new,new2
24.0,0.00632,24.00632,120.06320000000001
21.6,0.02731,21.62731,108.2731
34.7,0.02729,34.72729,173.77290000000002
33.4,0.03237,33.43237,167.3237
36.2,0.06905,36.26905,181.69050000000001
28.7,0.02985,28.72985,143.7985
22.9,0.08829,22.98829,115.3829
27.1,0.14455,27.24455,136.9455
16.5,0.21124,16.71124,84.61240000000001
